CC,Exp1,Exp2,Var
DOLLAR/DISCOUNT,PEOPLE_COMP,SALARIES_&_WAGES,Positive
COSTCO,PEOPLE_COMP,SALARIES_&_WAGES,Negative
SALES_PLANNING_CHANN,PEOPLE_COMP,SALARIES_&_WAGES,Positive
SAM'S,PEOPLE_COMP,SALARIES_&_WAGES,Positive
KUSA_Sales_-_BJS,PROFESSIONAL_&_ADMINISTRATIVE_SERVICES,MERCHANDISERS,Positive
DRUG,PEOPLE_COMP,SALARIES_&_WAGES,Positive
CHANNELS_EXECUTIVE_A,PEOPLE_COMP,SALARIES_&_WAGES,Negative
COSTCO,PEOPLE_COMP,BONUS,Negative
DOLLAR/DISCOUNT,PEOPLE_COMP,BONUS,Positive
KUSA_Sales_-_BJS,PEOPLE_COMP,SALARIES_&_WAGES,Positive
CHANNELS_EXECUTIVE_A,MARKETING_OVERHEAD,MARKET_RESEARCH,Positive
SALES_PLANNING_CHANN,PEOPLE_COMP,BONUS,Negative
COSTCO,MARKETING_OVERHEAD,TRADESHOWS_&_SAMPLES,Positive
SAM'S,PEOPLE_COMP,BONUS,Positive
CHANNELS_EXECUTIVE_A,PEOPLE_COMP,BONUS,Positive
DRUG,PEOPLE_COMP,BONUS,Positive
DOLLAR/DISCOUNT,PEOPLE_COMP,PENSION_&_RETIREMENT,Positive
COSTCO,PEOPLE_COMP,PENSION_&_RETIREMENT,Negative
DOLLAR/DISCOUNT,PEOPLE_COMP,SOCIAL_SECURITY,Positive
SALES_PLANNING_CHANN,PEOPLE_COMP,PENSION_&_RETIREMENT,Positive
COSTCO,PEOPLE_COMP,SOCIAL_SECURITY,Positive
SALES_PLANNING_CHANN,PEOPLE_COMP,SOCIAL_SECURITY,Positive
SAM'S,PEOPLE_COMP,PENSION_&_RETIREMENT,Positive
DRUG,PEOPLE_COMP,PENSION_&_RETIREMENT,Positive
DRUG,PROFESSIONAL_&_ADMINISTRATIVE_SERVICES,MERCHANDISERS,Positive
DRUG,PEOPLE_COMP,SOCIAL_SECURITY,Positive
DOLLAR/DISCOUNT,PEOPLE_COMP,HEALTH_BENEFITS_&_LIFE_INSURANCE,Positive
CHANNELS_EXECUTIVE_A,PEOPLE_COMP,PENSION_&_RETIREMENT,Positive
KUSA_Sales_-_BJS,PEOPLE_COMP,BONUS,Negative
COSTCO,PEOPLE_COMP,HEALTH_BENEFITS_&_LIFE_INSURANCE,Negative
SALES_PLANNING_CHANN,PEOPLE_COMP,HEALTH_BENEFITS_&_LIFE_INSURANCE,Negative
DOLLAR/DISCOUNT,TRAVEL,AIRFARE,Positive
KUSA_Sales_-_BJS,PEOPLE_COMP,SOCIAL_SECURITY,Positive
CHANNELS_EXECUTIVE_A,PEOPLE_COMP,SOCIAL_SECURITY,Positive
COSTCO,TRAVEL,AIRFARE,Positive
SAM'S,PEOPLE_COMP,HEALTH_BENEFITS_&_LIFE_INSURANCE,Positive
SAM'S,PEOPLE_COMP,SOCIAL_SECURITY,Positive
DRUG,PEOPLE_COMP,HEALTH_BENEFITS_&_LIFE_INSURANCE,Negative
COSTCO,PEOPLE_HR,MEMBERSHIPS_&_SUBSCRIPTIONS,Positive
CHANNELS_EXECUTIVE_A,PEOPLE_COMP,HEALTH_BENEFITS_&_LIFE_INSURANCE,Negative
COSTCO,PEOPLE_HR,CAR_BENEFITS,Negative
SALES_PLANNING_CHANN,TRAVEL,AIRFARE,Positive
DOLLAR/DISCOUNT,PEOPLE_HR,CAR_BENEFITS,Positive
KUSA_Sales_-_BJS,PEOPLE_COMP,PENSION_&_RETIREMENT,Negative
COSTCO,TRAVEL,LODGING,Negative
DOLLAR/DISCOUNT,TRAVEL,LODGING,Negative
DRUG,TRAVEL,AIRFARE,Positive
SALES_PLANNING_CHANN,TRAVEL,LODGING,Negative
SAM'S,TRAVEL,AIRFARE,Positive
DOLLAR/DISCOUNT,TRAVEL,RENTAL_CARS,Positive
DOLLAR/DISCOUNT,TRAVEL,MEALS,Positive
SALES_PLANNING_CHANN,PEOPLE_HR,CAR_BENEFITS,Positive
SAM'S,PEOPLE_HR,CAR_BENEFITS,Positive
COSTCO,TRAVEL,RENTAL_CARS,Positive
KUSA_Sales_-_BJS,PEOPLE_COMP,HEALTH_BENEFITS_&_LIFE_INSURANCE,Positive
DRUG,PEOPLE_HR,CAR_BENEFITS,Negative
DOLLAR/DISCOUNT,MARKETING_OVERHEAD,TRADESHOWS_&_SAMPLES,Negative
COSTCO,TRAVEL,MEALS,Negative
SALES_PLANNING_CHANN,TRAVEL,MEALS,Positive
SALES_PLANNING_CHANN,TRAVEL,RENTAL_CARS,Positive
KUSA_Sales_-_BJS,PEOPLE_HR,CAR_BENEFITS,Positive
DRUG,TRAVEL,LODGING,Negative
KUSA_Sales_-_BJS,TRAVEL,AIRFARE,Positive
COSTCO,PEOPLE_HR,INTERNAL_EVENTS,Positive
COSTCO,FACILITIES,OFFICE_SUPPLIES,Positive
SAM'S,TRAVEL,LODGING,Negative
DOLLAR/DISCOUNT,MARKETING_OVERHEAD,OTHER_MARKETING,Positive
DRUG,TRAVEL,RENTAL_CARS,Positive
DRUG,TRAVEL,MEALS,Positive
SAM'S,TRAVEL,RENTAL_CARS,Positive
SAM'S,TRAVEL,MEALS,Negative
DRUG,MARKETING_OVERHEAD,TRADESHOWS_&_SAMPLES,Positive
COSTCO,TECHNOLOGY,MOBILE_SERVICES,Negative
DOLLAR/DISCOUNT,FACILITIES,OFFICE_SUPPLIES,Positive
SALES_PLANNING_CHANN,TRAVEL,OTHER_TRAVEL_COSTS,Negative
KUSA_Sales_-_BJS,TRAVEL,LODGING,Positive
DRUG,TRAVEL,OTHER_TRAVEL_COSTS,Positive
DOLLAR/DISCOUNT,TECHNOLOGY,MOBILE_SERVICES,Positive
SAM'S,MARKETING_OVERHEAD,TRADESHOWS_&_SAMPLES,Positive
DOLLAR/DISCOUNT,MARKETING_OVERHEAD,MARKET_RESEARCH,Negative
DOLLAR/DISCOUNT,TAXES_&_INSURANCE,INSURANCE,Negative
KUSA_Sales_-_BJS,TRAVEL,RENTAL_CARS,Positive
COSTCO,TAXES_&_INSURANCE,INSURANCE,Negative
SALES_PLANNING_CHANN,TAXES_&_INSURANCE,INSURANCE,Negative
KUSA_Sales_-_BJS,TRAVEL,MEALS,Negative
DOLLAR/DISCOUNT,FACILITIES,PARCEL,Positive
DRUG,TECHNOLOGY,MOBILE_SERVICES,Positive
COSTCO,TECHNOLOGY,SOFTWARE,Positive
CHANNELS_EXECUTIVE_A,TECHNOLOGY,SOFTWARE,Positive
DOLLAR/DISCOUNT,TECHNOLOGY,SOFTWARE,Positive
SAM'S,TAXES_&_INSURANCE,INSURANCE,Negative
SALES_PLANNING_CHANN,MARKETING_OVERHEAD,OTHER_MARKETING,Positive
DRUG,TAXES_&_INSURANCE,INSURANCE,Negative
DRUG,FACILITIES,PARCEL,Negative
DRUG,TECHNOLOGY,SOFTWARE,Positive
DRUG,FACILITIES,OFFICE_SUPPLIES,Negative
CHANNELS_EXECUTIVE_A,TAXES_&_INSURANCE,INSURANCE,Negative
SAM'S,TECHNOLOGY,MOBILE_SERVICES,Negative
CHANNELS_EXECUTIVE_A,MARKETING_OVERHEAD,OTHER_MARKETING,Positive
KUSA_Sales_-_BJS,MARKETING_OVERHEAD,TRADESHOWS_&_SAMPLES,Positive
SAM'S,TECHNOLOGY,SOFTWARE,Positive
KUSA_Sales_-_BJS,TECHNOLOGY,SOFTWARE,Positive
CHANNELS_EXECUTIVE_A,PEOPLE_HR,TRAINING,Positive
KUSA_Sales_-_BJS,VEHICLES_&_WAREHOUSING,WAREHOUSE_OPERATIONS_&_SUPPLIES,Positive
KUSA_Sales_-_BJS,TAXES_&_INSURANCE,INSURANCE,Negative
KUSA_Sales_-_BJS,TECHNOLOGY,MOBILE_SERVICES,Positive
SALES_PLANNING_CHANN,TECHNOLOGY,MOBILE_SERVICES,Positive
SALES_PLANNING_CHANN,TECHNOLOGY,SOFTWARE,Positive
CHANNELS_EXECUTIVE_A,TECHNOLOGY,MOBILE_SERVICES,Negative
COSTCO,PEOPLE_HR,TRAINING,Negative
DRUG,PEOPLE_HR,TRAINING,Positive
KUSA_Sales_-_BJS,PEOPLE_HR,TRAINING,Positive
SAM'S,PEOPLE_HR,TRAINING,Positive
SALES_PLANNING_CHANN,PEOPLE_HR,TRAINING,Positive
CHANNELS_EXECUTIVE_A,VEHICLES_&_WAREHOUSING,3PL_FEES,Negative
Channels_Front_End,VEHICLES_&_WAREHOUSING,3PL_FEES,Negative
COSTCO,VEHICLES_&_WAREHOUSING,3PL_FEES,Negative
DOLLAR/DISCOUNT,VEHICLES_&_WAREHOUSING,3PL_FEES,Negative
DRUG,VEHICLES_&_WAREHOUSING,3PL_FEES,Negative
KUSA_Sales_-_BJS,VEHICLES_&_WAREHOUSING,3PL_FEES,Negative
SALES_PLANNING_CHANN,VEHICLES_&_WAREHOUSING,3PL_FEES,Negative
SAM'S,VEHICLES_&_WAREHOUSING,3PL_FEES,Negative
CHANNELS_EXECUTIVE_A,TRAVEL,AIRFARE,Negative
Channels_Front_End,TRAVEL,AIRFARE,Negative
CHANNELS_EXECUTIVE_A,PEOPLE_COMP,ALLOCATIONS,Negative
Channels_Front_End,PEOPLE_COMP,ALLOCATIONS,Negative
COSTCO,PEOPLE_COMP,ALLOCATIONS,Negative
DOLLAR/DISCOUNT,PEOPLE_COMP,ALLOCATIONS,Negative
DRUG,PEOPLE_COMP,ALLOCATIONS,Negative
KUSA_Sales_-_BJS,PEOPLE_COMP,ALLOCATIONS,Negative
SALES_PLANNING_CHANN,PEOPLE_COMP,ALLOCATIONS,Negative
SAM'S,PEOPLE_COMP,ALLOCATIONS,Negative
CHANNELS_EXECUTIVE_A,PEOPLE_COMP,AMORTIZATION,Negative
Channels_Front_End,PEOPLE_COMP,AMORTIZATION,Negative
COSTCO,PEOPLE_COMP,AMORTIZATION,Negative
DOLLAR/DISCOUNT,PEOPLE_COMP,AMORTIZATION,Negative
DRUG,PEOPLE_COMP,AMORTIZATION,Negative
KUSA_Sales_-_BJS,PEOPLE_COMP,AMORTIZATION,Negative
SALES_PLANNING_CHANN,PEOPLE_COMP,AMORTIZATION,Negative
SAM'S,PEOPLE_COMP,AMORTIZATION,Negative
CHANNELS_EXECUTIVE_A,FACILITIES,AUDIT,Negative
Channels_Front_End,FACILITIES,AUDIT,Negative
COSTCO,FACILITIES,AUDIT,Negative
DOLLAR/DISCOUNT,PROFESSIONAL_&_ADMINISTRATIVE_SERVICES,AUDIT,Negative
DRUG,PROFESSIONAL_&_ADMINISTRATIVE_SERVICES,AUDIT,Negative
KUSA_Sales_-_BJS,PROFESSIONAL_&_ADMINISTRATIVE_SERVICES,AUDIT,Negative
SALES_PLANNING_CHANN,FACILITIES,AUDIT,Negative
SAM'S,PROFESSIONAL_&_ADMINISTRATIVE_SERVICES,AUDIT,Negative
CHANNELS_EXECUTIVE_A,VEHICLES_&_WAREHOUSING,BACKHAUL_CREDITS,Negative
Channels_Front_End,VEHICLES_&_WAREHOUSING,BACKHAUL_CREDITS,Negative
COSTCO,VEHICLES_&_WAREHOUSING,BACKHAUL_CREDITS,Negative
DOLLAR/DISCOUNT,VEHICLES_&_WAREHOUSING,BACKHAUL_CREDITS,Negative
DRUG,VEHICLES_&_WAREHOUSING,BACKHAUL_CREDITS,Negative
KUSA_Sales_-_BJS,VEHICLES_&_WAREHOUSING,BACKHAUL_CREDITS,Negative
SALES_PLANNING_CHANN,VEHICLES_&_WAREHOUSING,BACKHAUL_CREDITS,Negative
SAM'S,VEHICLES_&_WAREHOUSING,BACKHAUL_CREDITS,Negative
CHANNELS_EXECUTIVE_A,PEOPLE_COMP,BENEFITS,Negative
Channels_Front_End,PEOPLE_COMP,BENEFITS,Negative
COSTCO,PEOPLE_COMP,BENEFITS,Negative
DOLLAR/DISCOUNT,PEOPLE_COMP,BENEFITS,Negative
DRUG,PEOPLE_COMP,BENEFITS,Negative
KUSA_Sales_-_BJS,PEOPLE_COMP,BENEFITS,Negative
SALES_PLANNING_CHANN,PEOPLE_COMP,BENEFITS,Negative
SAM'S,PEOPLE_COMP,BENEFITS,Negative
Channels_Front_End,PEOPLE_COMP,BONUS,Negative
CHANNELS_EXECUTIVE_A,FACILITIES,BUILDING_MAINTENANCE,Negative
Channels_Front_End,FACILITIES,BUILDING_MAINTENANCE,Negative
COSTCO,FACILITIES,BUILDING_MAINTENANCE,Negative
DOLLAR/DISCOUNT,FACILITIES,BUILDING_MAINTENANCE,Negative
DRUG,FACILITIES,BUILDING_MAINTENANCE,Negative
KUSA_Sales_-_BJS,FACILITIES,BUILDING_MAINTENANCE,Negative
SALES_PLANNING_CHANN,FACILITIES,BUILDING_MAINTENANCE,Negative
SAM'S,TECHNOLOGY,BUILDING_MAINTENANCE,Negative
CHANNELS_EXECUTIVE_A,FACILITIES,BUILDING_SUPPLIES,Negative
Channels_Front_End,FACILITIES,BUILDING_SUPPLIES,Negative
COSTCO,FACILITIES,BUILDING_SUPPLIES,Negative
DOLLAR/DISCOUNT,FACILITIES,BUILDING_SUPPLIES,Negative
DRUG,FACILITIES,BUILDING_SUPPLIES,Negative
KUSA_Sales_-_BJS,FACILITIES,BUILDING_SUPPLIES,Negative
SALES_PLANNING_CHANN,FACILITIES,BUILDING_SUPPLIES,Negative
SAM'S,TECHNOLOGY,BUILDING_SUPPLIES,Negative
CHANNELS_EXECUTIVE_A,PEOPLE_COMP,CAPITAL_EXPENSE,Negative
Channels_Front_End,PEOPLE_COMP,CAPITAL_EXPENSE,Negative
COSTCO,PEOPLE_COMP,CAPITAL_EXPENSE,Negative
DOLLAR/DISCOUNT,PEOPLE_COMP,CAPITAL_EXPENSE,Negative
DRUG,PEOPLE_COMP,CAPITAL_EXPENSE,Negative
KUSA_Sales_-_BJS,PEOPLE_COMP,CAPITAL_EXPENSE,Negative
SALES_PLANNING_CHANN,PEOPLE_COMP,CAPITAL_EXPENSE,Negative
SAM'S,PEOPLE_COMP,CAPITAL_EXPENSE,Negative
CHANNELS_EXECUTIVE_A,PEOPLE_HR,CAR_BENEFITS,Negative
Channels_Front_End,PEOPLE_HR,CAR_BENEFITS,Negative
CHANNELS_EXECUTIVE_A,FACILITIES,CLEANING_&_GARDENING,Negative
Channels_Front_End,FACILITIES,CLEANING_&_GARDENING,Negative
COSTCO,FACILITIES,CLEANING_&_GARDENING,Negative
DOLLAR/DISCOUNT,FACILITIES,CLEANING_&_GARDENING,Negative
DRUG,FACILITIES,CLEANING_&_GARDENING,Negative
KUSA_Sales_-_BJS,FACILITIES,CLEANING_&_GARDENING,Negative
SALES_PLANNING_CHANN,FACILITIES,CLEANING_&_GARDENING,Negative
SAM'S,TECHNOLOGY,CLEANING_&_GARDENING,Negative
CHANNELS_EXECUTIVE_A,PEOPLE_COMP,CLEARING,Negative
Channels_Front_End,PEOPLE_COMP,CLEARING,Negative
COSTCO,PEOPLE_COMP,CLEARING,Negative
DOLLAR/DISCOUNT,PEOPLE_COMP,CLEARING,Negative
DRUG,PEOPLE_COMP,CLEARING,Negative
KUSA_Sales_-_BJS,PEOPLE_COMP,CLEARING,Negative
SALES_PLANNING_CHANN,PEOPLE_COMP,CLEARING,Negative
SAM'S,PEOPLE_COMP,CLEARING,Negative
CHANNELS_EXECUTIVE_A,FACILITIES,CONSULTANTS,Negative
Channels_Front_End,FACILITIES,CONSULTANTS,Negative
COSTCO,FACILITIES,CONSULTANTS,Negative
DOLLAR/DISCOUNT,PROFESSIONAL_&_ADMINISTRATIVE_SERVICES,CONSULTANTS,Negative
DRUG,PROFESSIONAL_&_ADMINISTRATIVE_SERVICES,CONSULTANTS,Negative
KUSA_Sales_-_BJS,PROFESSIONAL_&_ADMINISTRATIVE_SERVICES,CONSULTANTS,Negative
SALES_PLANNING_CHANN,FACILITIES,CONSULTANTS,Negative
SAM'S,PROFESSIONAL_&_ADMINISTRATIVE_SERVICES,CONSULTANTS,Negative
CHANNELS_EXECUTIVE_A,FACILITIES,CONTRACTED_OUTSIDE_SERVICES,Negative
Channels_Front_End,FACILITIES,CONTRACTED_OUTSIDE_SERVICES,Negative
COSTCO,FACILITIES,CONTRACTED_OUTSIDE_SERVICES,Negative
DOLLAR/DISCOUNT,PROFESSIONAL_&_ADMINISTRATIVE_SERVICES,CONTRACTED_OUTSIDE_SERVICES,Negative
DRUG,PROFESSIONAL_&_ADMINISTRATIVE_SERVICES,CONTRACTED_OUTSIDE_SERVICES,Negative
KUSA_Sales_-_BJS,PROFESSIONAL_&_ADMINISTRATIVE_SERVICES,CONTRACTED_OUTSIDE_SERVICES,Negative
SALES_PLANNING_CHANN,FACILITIES,CONTRACTED_OUTSIDE_SERVICES,Negative
SAM'S,PROFESSIONAL_&_ADMINISTRATIVE_SERVICES,CONTRACTED_OUTSIDE_SERVICES,Negative
CHANNELS_EXECUTIVE_A,PEOPLE_COMP,CPU_ALLOWANCE,Negative
Channels_Front_End,PEOPLE_COMP,CPU_ALLOWANCE,Negative
COSTCO,PEOPLE_COMP,CPU_ALLOWANCE,Negative
DOLLAR/DISCOUNT,PEOPLE_COMP,CPU_ALLOWANCE,Negative
DRUG,PEOPLE_COMP,CPU_ALLOWANCE,Negative
KUSA_Sales_-_BJS,PEOPLE_COMP,CPU_ALLOWANCE,Negative
SALES_PLANNING_CHANN,PEOPLE_COMP,CPU_ALLOWANCE,Negative
SAM'S,PEOPLE_COMP,CPU_ALLOWANCE,Negative
CHANNELS_EXECUTIVE_A,TECHNOLOGY,DATA_COMMUNICATION,Negative
Channels_Front_End,TECHNOLOGY,DATA_COMMUNICATION,Negative
COSTCO,TECHNOLOGY,DATA_COMMUNICATION,Negative
DOLLAR/DISCOUNT,TECHNOLOGY,DATA_COMMUNICATION,Negative
DRUG,TECHNOLOGY,DATA_COMMUNICATION,Negative
KUSA_Sales_-_BJS,TECHNOLOGY,DATA_COMMUNICATION,Negative
SALES_PLANNING_CHANN,TECHNOLOGY,DATA_COMMUNICATION,Negative
SAM'S,TECHNOLOGY,DATA_COMMUNICATION,Negative
CHANNELS_EXECUTIVE_A,PEOPLE_COMP,DEPRECIATION,Negative
Channels_Front_End,PEOPLE_COMP,DEPRECIATION,Negative
COSTCO,PEOPLE_COMP,DEPRECIATION,Negative
DOLLAR/DISCOUNT,PEOPLE_COMP,DEPRECIATION,Negative
DRUG,PEOPLE_COMP,DEPRECIATION,Negative
KUSA_Sales_-_BJS,PEOPLE_COMP,DEPRECIATION,Negative
SALES_PLANNING_CHANN,PEOPLE_COMP,DEPRECIATION,Negative
SAM'S,PEOPLE_COMP,DEPRECIATION,Negative
CHANNELS_EXECUTIVE_A,TECHNOLOGY,DESK_PHONES_&_CONFERENCING,Negative
Channels_Front_End,TECHNOLOGY,DESK_PHONES_&_CONFERENCING,Negative
COSTCO,TECHNOLOGY,DESK_PHONES_&_CONFERENCING,Negative
DOLLAR/DISCOUNT,TECHNOLOGY,DESK_PHONES_&_CONFERENCING,Negative
DRUG,TECHNOLOGY,DESK_PHONES_&_CONFERENCING,Negative
KUSA_Sales_-_BJS,TECHNOLOGY,DESK_PHONES_&_CONFERENCING,Negative
SALES_PLANNING_CHANN,TECHNOLOGY,DESK_PHONES_&_CONFERENCING,Negative
SAM'S,TECHNOLOGY,DESK_PHONES_&_CONFERENCING,Negative
CHANNELS_EXECUTIVE_A,PEOPLE_COMP,DISTRIBUTION,Negative
Channels_Front_End,PEOPLE_COMP,DISTRIBUTION,Negative
COSTCO,PEOPLE_COMP,DISTRIBUTION,Negative
DOLLAR/DISCOUNT,PEOPLE_COMP,DISTRIBUTION,Negative
DRUG,PEOPLE_COMP,DISTRIBUTION,Negative
KUSA_Sales_-_BJS,PEOPLE_COMP,DISTRIBUTION,Negative
SALES_PLANNING_CHANN,PEOPLE_COMP,DISTRIBUTION,Negative
SAM'S,PEOPLE_COMP,DISTRIBUTION,Negative
CHANNELS_EXECUTIVE_A,PEOPLE_HR,DONATIONS,Negative
Channels_Front_End,PEOPLE_HR,DONATIONS,Negative
COSTCO,PEOPLE_HR,DONATIONS,Negative
DOLLAR/DISCOUNT,PEOPLE_HR,DONATIONS,Negative
DRUG,PEOPLE_HR,DONATIONS,Negative
KUSA_Sales_-_BJS,PEOPLE_HR,DONATIONS,Negative
SALES_PLANNING_CHANN,PEOPLE_HR,DONATIONS,Negative
SAM'S,PEOPLE_HR,DONATIONS,Negative
CHANNELS_EXECUTIVE_A,TRAVEL,DRIVER_TRAVEL,Negative
Channels_Front_End,TRAVEL,DRIVER_TRAVEL,Negative
COSTCO,TRAVEL,DRIVER_TRAVEL,Negative
DOLLAR/DISCOUNT,TRAVEL,DRIVER_TRAVEL,Negative
DRUG,TRAVEL,DRIVER_TRAVEL,Negative
KUSA_Sales_-_BJS,TRAVEL,DRIVER_TRAVEL,Negative
SALES_PLANNING_CHANN,TRAVEL,DRIVER_TRAVEL,Negative
SAM'S,TRAVEL,DRIVER_TRAVEL,Negative
CHANNELS_EXECUTIVE_A,TAXES_&_INSURANCE,ELECTRICITY,Negative
Channels_Front_End,VEHICLES_&_WAREHOUSING,ELECTRICITY,Negative
COSTCO,TAXES_&_INSURANCE,ELECTRICITY,Negative
DOLLAR/DISCOUNT,TAXES_&_INSURANCE,ELECTRICITY,Negative
DRUG,TAXES_&_INSURANCE,ELECTRICITY,Negative
KUSA_Sales_-_BJS,TAXES_&_INSURANCE,ELECTRICITY,Negative
SALES_PLANNING_CHANN,TAXES_&_INSURANCE,ELECTRICITY,Negative
SAM'S,TAXES_&_INSURANCE,ELECTRICITY,Negative
CHANNELS_EXECUTIVE_A,VEHICLES_&_WAREHOUSING,EQUIPMENT_RENTAL,Negative
Channels_Front_End,VEHICLES_&_WAREHOUSING,EQUIPMENT_RENTAL,Negative
COSTCO,VEHICLES_&_WAREHOUSING,EQUIPMENT_RENTAL,Negative
DOLLAR/DISCOUNT,VEHICLES_&_WAREHOUSING,EQUIPMENT_RENTAL,Negative
DRUG,VEHICLES_&_WAREHOUSING,EQUIPMENT_RENTAL,Negative
KUSA_Sales_-_BJS,VEHICLES_&_WAREHOUSING,EQUIPMENT_RENTAL,Negative
SALES_PLANNING_CHANN,VEHICLES_&_WAREHOUSING,EQUIPMENT_RENTAL,Negative
SAM'S,VEHICLES_&_WAREHOUSING,EQUIPMENT_RENTAL,Negative
CHANNELS_EXECUTIVE_A,PEOPLE_COMP,FREIGHT,Negative
Channels_Front_End,PEOPLE_COMP,FREIGHT,Negative
COSTCO,PEOPLE_COMP,FREIGHT,Negative
DOLLAR/DISCOUNT,PEOPLE_COMP,FREIGHT,Negative
DRUG,PEOPLE_COMP,FREIGHT,Negative
KUSA_Sales_-_BJS,PEOPLE_COMP,FREIGHT,Negative
SALES_PLANNING_CHANN,PEOPLE_COMP,FREIGHT,Negative
SAM'S,PEOPLE_COMP,FREIGHT,Negative
CHANNELS_EXECUTIVE_A,TAXES_&_INSURANCE,FUEL,Negative
Channels_Front_End,VEHICLES_&_WAREHOUSING,FUEL,Negative
COSTCO,TAXES_&_INSURANCE,FUEL,Negative
DOLLAR/DISCOUNT,TAXES_&_INSURANCE,FUEL,Negative
DRUG,TAXES_&_INSURANCE,FUEL,Negative
KUSA_Sales_-_BJS,TAXES_&_INSURANCE,FUEL,Negative
SALES_PLANNING_CHANN,TAXES_&_INSURANCE,FUEL,Negative
SAM'S,TAXES_&_INSURANCE,FUEL,Negative
Channels_Front_End,PEOPLE_COMP,HEALTH_BENEFITS_&_LIFE_INSURANCE,Negative
CHANNELS_EXECUTIVE_A,PEOPLE_COMP,INBOUND_FREIGHT,Negative
Channels_Front_End,PEOPLE_COMP,INBOUND_FREIGHT,Negative
COSTCO,PEOPLE_COMP,INBOUND_FREIGHT,Negative
DOLLAR/DISCOUNT,PEOPLE_COMP,INBOUND_FREIGHT,Negative
DRUG,PEOPLE_COMP,INBOUND_FREIGHT,Negative
KUSA_Sales_-_BJS,PEOPLE_COMP,INBOUND_FREIGHT,Negative
SALES_PLANNING_CHANN,PEOPLE_COMP,INBOUND_FREIGHT,Negative
SAM'S,PEOPLE_COMP,INBOUND_FREIGHT,Negative
Channels_Front_End,VEHICLES_&_WAREHOUSING,INSURANCE,Negative
CHANNELS_EXECUTIVE_A,PEOPLE_COMP,INTERCOMPANY,Negative
Channels_Front_End,PEOPLE_COMP,INTERCOMPANY,Negative
COSTCO,PEOPLE_COMP,INTERCOMPANY,Negative
DOLLAR/DISCOUNT,PEOPLE_COMP,INTERCOMPANY,Negative
DRUG,PEOPLE_COMP,INTERCOMPANY,Negative
KUSA_Sales_-_BJS,PEOPLE_COMP,INTERCOMPANY,Negative
SALES_PLANNING_CHANN,PEOPLE_COMP,INTERCOMPANY,Negative
SAM'S,PEOPLE_COMP,INTERCOMPANY,Negative
CHANNELS_EXECUTIVE_A,PEOPLE_HR,INTERNAL_COMMUNICATIONS,Negative
Channels_Front_End,PEOPLE_HR,INTERNAL_COMMUNICATIONS,Negative
COSTCO,PEOPLE_HR,INTERNAL_COMMUNICATIONS,Negative
DOLLAR/DISCOUNT,PEOPLE_HR,INTERNAL_COMMUNICATIONS,Negative
DRUG,PEOPLE_HR,INTERNAL_COMMUNICATIONS,Negative
KUSA_Sales_-_BJS,PEOPLE_HR,INTERNAL_COMMUNICATIONS,Negative
SALES_PLANNING_CHANN,PEOPLE_HR,INTERNAL_COMMUNICATIONS,Negative
SAM'S,PEOPLE_HR,INTERNAL_COMMUNICATIONS,Negative
CHANNELS_EXECUTIVE_A,PEOPLE_HR,INTERNAL_EVENTS,Negative
Channels_Front_End,PEOPLE_HR,INTERNAL_EVENTS,Negative
DOLLAR/DISCOUNT,PEOPLE_HR,INTERNAL_EVENTS,Negative
DRUG,PEOPLE_HR,INTERNAL_EVENTS,Negative
KUSA_Sales_-_BJS,PEOPLE_HR,INTERNAL_EVENTS,Negative
SALES_PLANNING_CHANN,PEOPLE_HR,INTERNAL_EVENTS,Negative
SAM'S,PEOPLE_HR,INTERNAL_EVENTS,Negative
CHANNELS_EXECUTIVE_A,TAXES_&_INSURANCE,INVENTORY_WRITE_OFFS,Negative
Channels_Front_End,VEHICLES_&_WAREHOUSING,INVENTORY_WRITE_OFFS,Negative
COSTCO,TAXES_&_INSURANCE,INVENTORY_WRITE_OFFS,Negative
DOLLAR/DISCOUNT,TAXES_&_INSURANCE,INVENTORY_WRITE_OFFS,Negative
DRUG,TAXES_&_INSURANCE,INVENTORY_WRITE_OFFS,Negative
KUSA_Sales_-_BJS,TAXES_&_INSURANCE,INVENTORY_WRITE_OFFS,Negative
SALES_PLANNING_CHANN,TAXES_&_INSURANCE,INVENTORY_WRITE_OFFS,Negative
SAM'S,TAXES_&_INSURANCE,INVENTORY_WRITE_OFFS,Negative
CHANNELS_EXECUTIVE_A,FACILITIES,LABORATORY_SERVICES,Negative
Channels_Front_End,FACILITIES,LABORATORY_SERVICES,Negative
COSTCO,FACILITIES,LABORATORY_SERVICES,Negative
DOLLAR/DISCOUNT,PROFESSIONAL_&_ADMINISTRATIVE_SERVICES,LABORATORY_SERVICES,Negative
DRUG,PROFESSIONAL_&_ADMINISTRATIVE_SERVICES,LABORATORY_SERVICES,Negative
KUSA_Sales_-_BJS,PROFESSIONAL_&_ADMINISTRATIVE_SERVICES,LABORATORY_SERVICES,Negative
SALES_PLANNING_CHANN,FACILITIES,LABORATORY_SERVICES,Negative
SAM'S,PROFESSIONAL_&_ADMINISTRATIVE_SERVICES,LABORATORY_SERVICES,Negative
CHANNELS_EXECUTIVE_A,FACILITIES,LEGAL,Negative
Channels_Front_End,FACILITIES,LEGAL,Negative
COSTCO,FACILITIES,LEGAL,Negative
DOLLAR/DISCOUNT,PROFESSIONAL_&_ADMINISTRATIVE_SERVICES,LEGAL,Negative
DRUG,PROFESSIONAL_&_ADMINISTRATIVE_SERVICES,LEGAL,Negative
KUSA_Sales_-_BJS,PROFESSIONAL_&_ADMINISTRATIVE_SERVICES,LEGAL,Negative
SALES_PLANNING_CHANN,FACILITIES,LEGAL,Negative
SAM'S,PROFESSIONAL_&_ADMINISTRATIVE_SERVICES,LEGAL,Negative
CHANNELS_EXECUTIVE_A,TAXES_&_INSURANCE,LICENSES_&_FEES,Negative
Channels_Front_End,VEHICLES_&_WAREHOUSING,LICENSES_&_FEES,Negative
COSTCO,TAXES_&_INSURANCE,LICENSES_&_FEES,Negative
DOLLAR/DISCOUNT,TAXES_&_INSURANCE,LICENSES_&_FEES,Negative
DRUG,TAXES_&_INSURANCE,LICENSES_&_FEES,Negative
KUSA_Sales_-_BJS,TAXES_&_INSURANCE,LICENSES_&_FEES,Negative
SALES_PLANNING_CHANN,TAXES_&_INSURANCE,LICENSES_&_FEES,Negative
SAM'S,TAXES_&_INSURANCE,LICENSES_&_FEES,Negative
CHANNELS_EXECUTIVE_A,TRAVEL,LODGING,Negative
Channels_Front_End,TRAVEL,LODGING,Negative
CHANNELS_EXECUTIVE_A,TAXES_&_INSURANCE,MACHINE_MAINTENANCE,Negative
Channels_Front_End,VEHICLES_&_WAREHOUSING,MACHINE_MAINTENANCE,Negative
COSTCO,TAXES_&_INSURANCE,MACHINE_MAINTENANCE,Negative
DOLLAR/DISCOUNT,TAXES_&_INSURANCE,MACHINE_MAINTENANCE,Negative
DRUG,TAXES_&_INSURANCE,MACHINE_MAINTENANCE,Negative
KUSA_Sales_-_BJS,TAXES_&_INSURANCE,MACHINE_MAINTENANCE,Negative
SALES_PLANNING_CHANN,TAXES_&_INSURANCE,MACHINE_MAINTENANCE,Negative
SAM'S,TAXES_&_INSURANCE,MACHINE_MAINTENANCE,Negative
CHANNELS_EXECUTIVE_A,TAXES_&_INSURANCE,MAINTENANCE_OUTSIDE_SERVICES,Negative
Channels_Front_End,VEHICLES_&_WAREHOUSING,MAINTENANCE_OUTSIDE_SERVICES,Negative
COSTCO,TAXES_&_INSURANCE,MAINTENANCE_OUTSIDE_SERVICES,Negative
DOLLAR/DISCOUNT,TAXES_&_INSURANCE,MAINTENANCE_OUTSIDE_SERVICES,Negative
DRUG,TAXES_&_INSURANCE,MAINTENANCE_OUTSIDE_SERVICES,Negative
KUSA_Sales_-_BJS,TAXES_&_INSURANCE,MAINTENANCE_OUTSIDE_SERVICES,Negative
SALES_PLANNING_CHANN,TAXES_&_INSURANCE,MAINTENANCE_OUTSIDE_SERVICES,Negative
SAM'S,TAXES_&_INSURANCE,MAINTENANCE_OUTSIDE_SERVICES,Negative
CHANNELS_EXECUTIVE_A,TAXES_&_INSURANCE,MAINTENANCE_SUPPLIES,Negative
Channels_Front_End,VEHICLES_&_WAREHOUSING,MAINTENANCE_SUPPLIES,Negative
COSTCO,TAXES_&_INSURANCE,MAINTENANCE_SUPPLIES,Negative
DOLLAR/DISCOUNT,TAXES_&_INSURANCE,MAINTENANCE_SUPPLIES,Negative
DRUG,TAXES_&_INSURANCE,MAINTENANCE_SUPPLIES,Negative
KUSA_Sales_-_BJS,TAXES_&_INSURANCE,MAINTENANCE_SUPPLIES,Negative
SALES_PLANNING_CHANN,TAXES_&_INSURANCE,MAINTENANCE_SUPPLIES,Negative
SAM'S,TAXES_&_INSURANCE,MAINTENANCE_SUPPLIES,Negative
Channels_Front_End,MARKETING_OVERHEAD,MARKET_RESEARCH,Negative
COSTCO,MARKETING_OVERHEAD,MARKET_RESEARCH,Negative
DRUG,MARKETING_OVERHEAD,MARKET_RESEARCH,Negative
KUSA_Sales_-_BJS,MARKETING_OVERHEAD,MARKET_RESEARCH,Negative
SALES_PLANNING_CHANN,MARKETING_OVERHEAD,MARKET_RESEARCH,Negative
SAM'S,MARKETING_OVERHEAD,MARKET_RESEARCH,Negative
CHANNELS_EXECUTIVE_A,TRAVEL,MEALS,Negative
Channels_Front_End,TRAVEL,MEALS,Negative
CHANNELS_EXECUTIVE_A,PEOPLE_HR,MEMBERSHIPS_&_SUBSCRIPTIONS,Negative
Channels_Front_End,PEOPLE_HR,MEMBERSHIPS_&_SUBSCRIPTIONS,Negative
DOLLAR/DISCOUNT,PEOPLE_HR,MEMBERSHIPS_&_SUBSCRIPTIONS,Negative
DRUG,PEOPLE_HR,MEMBERSHIPS_&_SUBSCRIPTIONS,Negative
KUSA_Sales_-_BJS,PEOPLE_HR,MEMBERSHIPS_&_SUBSCRIPTIONS,Negative
SALES_PLANNING_CHANN,PEOPLE_HR,MEMBERSHIPS_&_SUBSCRIPTIONS,Negative
SAM'S,PEOPLE_HR,MEMBERSHIPS_&_SUBSCRIPTIONS,Negative
CHANNELS_EXECUTIVE_A,FACILITIES,MERCHANDISERS,Negative
Channels_Front_End,FACILITIES,MERCHANDISERS,Negative
COSTCO,FACILITIES,MERCHANDISERS,Negative
DOLLAR/DISCOUNT,PROFESSIONAL_&_ADMINISTRATIVE_SERVICES,MERCHANDISERS,Negative
SALES_PLANNING_CHANN,FACILITIES,MERCHANDISERS,Negative
SAM'S,PROFESSIONAL_&_ADMINISTRATIVE_SERVICES,MERCHANDISERS,Negative
CHANNELS_EXECUTIVE_A,TAXES_&_INSURANCE,MISCELLANEOUS_INC_/_EXP,Negative
Channels_Front_End,VEHICLES_&_WAREHOUSING,MISCELLANEOUS_INC_/_EXP,Negative
COSTCO,TAXES_&_INSURANCE,MISCELLANEOUS_INC_/_EXP,Negative
DOLLAR/DISCOUNT,TAXES_&_INSURANCE,MISCELLANEOUS_INC_/_EXP,Negative
DRUG,TAXES_&_INSURANCE,MISCELLANEOUS_INC_/_EXP,Negative
KUSA_Sales_-_BJS,TAXES_&_INSURANCE,MISCELLANEOUS_INC_/_EXP,Negative
SALES_PLANNING_CHANN,TAXES_&_INSURANCE,MISCELLANEOUS_INC_/_EXP,Negative
SAM'S,TAXES_&_INSURANCE,MISCELLANEOUS_INC_/_EXP,Negative
Channels_Front_End,TECHNOLOGY,MOBILE_SERVICES,Negative
CHANNELS_EXECUTIVE_A,PEOPLE_HR,MOVING,Negative
Channels_Front_End,PEOPLE_HR,MOVING,Negative
COSTCO,PEOPLE_HR,MOVING,Negative
DOLLAR/DISCOUNT,PEOPLE_HR,MOVING,Negative
DRUG,PEOPLE_HR,MOVING,Negative
KUSA_Sales_-_BJS,PEOPLE_HR,MOVING,Negative
SALES_PLANNING_CHANN,PEOPLE_HR,MOVING,Negative
SAM'S,PEOPLE_HR,MOVING,Negative
CHANNELS_EXECUTIVE_A,TAXES_&_INSURANCE,NATURAL_GAS,Negative
Channels_Front_End,VEHICLES_&_WAREHOUSING,NATURAL_GAS,Negative
COSTCO,TAXES_&_INSURANCE,NATURAL_GAS,Negative
DOLLAR/DISCOUNT,TAXES_&_INSURANCE,NATURAL_GAS,Negative
DRUG,TAXES_&_INSURANCE,NATURAL_GAS,Negative
KUSA_Sales_-_BJS,TAXES_&_INSURANCE,NATURAL_GAS,Negative
SALES_PLANNING_CHANN,TAXES_&_INSURANCE,NATURAL_GAS,Negative
SAM'S,TAXES_&_INSURANCE,NATURAL_GAS,Negative
CHANNELS_EXECUTIVE_A,FACILITIES,OFFICE_SUPPLIES,Negative
Channels_Front_End,FACILITIES,OFFICE_SUPPLIES,Negative
KUSA_Sales_-_BJS,FACILITIES,OFFICE_SUPPLIES,Negative
SALES_PLANNING_CHANN,FACILITIES,OFFICE_SUPPLIES,Negative
SAM'S,TECHNOLOGY,OFFICE_SUPPLIES,Negative
CHANNELS_EXECUTIVE_A,PEOPLE_COMP,OTHER_BENEFITS,Negative
Channels_Front_End,PEOPLE_COMP,OTHER_BENEFITS,Negative
COSTCO,PEOPLE_COMP,OTHER_BENEFITS,Negative
DOLLAR/DISCOUNT,PEOPLE_COMP,OTHER_BENEFITS,Negative
DRUG,PEOPLE_COMP,OTHER_BENEFITS,Negative
KUSA_Sales_-_BJS,PEOPLE_COMP,OTHER_BENEFITS,Negative
SALES_PLANNING_CHANN,PEOPLE_COMP,OTHER_BENEFITS,Negative
SAM'S,PEOPLE_COMP,OTHER_BENEFITS,Negative
Channels_Front_End,MARKETING_OVERHEAD,OTHER_MARKETING,Negative
COSTCO,MARKETING_OVERHEAD,OTHER_MARKETING,Negative
DRUG,MARKETING_OVERHEAD,OTHER_MARKETING,Negative
KUSA_Sales_-_BJS,MARKETING_OVERHEAD,OTHER_MARKETING,Negative
SAM'S,MARKETING_OVERHEAD,OTHER_MARKETING,Negative
CHANNELS_EXECUTIVE_A,PEOPLE_HR,OTHER_PEOPLE_COSTS,Negative
Channels_Front_End,PEOPLE_HR,OTHER_PEOPLE_COSTS,Negative
COSTCO,PEOPLE_HR,OTHER_PEOPLE_COSTS,Negative
DOLLAR/DISCOUNT,PEOPLE_HR,OTHER_PEOPLE_COSTS,Negative
DRUG,PEOPLE_HR,OTHER_PEOPLE_COSTS,Negative
KUSA_Sales_-_BJS,PEOPLE_HR,OTHER_PEOPLE_COSTS,Negative
SALES_PLANNING_CHANN,PEOPLE_HR,OTHER_PEOPLE_COSTS,Negative
SAM'S,PEOPLE_HR,OTHER_PEOPLE_COSTS,Negative
CHANNELS_EXECUTIVE_A,TRAVEL,OTHER_TRAVEL_COSTS,Negative
Channels_Front_End,TRAVEL,OTHER_TRAVEL_COSTS,Negative
COSTCO,TRAVEL,OTHER_TRAVEL_COSTS,Negative
KUSA_Sales_-_BJS,TRAVEL,OTHER_TRAVEL_COSTS,Negative
SAM'S,TRAVEL,OTHER_TRAVEL_COSTS,Positive
CHANNELS_EXECUTIVE_A,TAXES_&_INSURANCE,OTHER_UTILITIES,Negative
Channels_Front_End,VEHICLES_&_WAREHOUSING,OTHER_UTILITIES,Negative
COSTCO,TAXES_&_INSURANCE,OTHER_UTILITIES,Negative
DOLLAR/DISCOUNT,TAXES_&_INSURANCE,OTHER_UTILITIES,Negative
DRUG,TAXES_&_INSURANCE,OTHER_UTILITIES,Negative
KUSA_Sales_-_BJS,TAXES_&_INSURANCE,OTHER_UTILITIES,Negative
SALES_PLANNING_CHANN,TAXES_&_INSURANCE,OTHER_UTILITIES,Negative
SAM'S,TAXES_&_INSURANCE,OTHER_UTILITIES,Negative
CHANNELS_EXECUTIVE_A,VEHICLES_&_WAREHOUSING,OVERFLOW_AND_SHUTTLE,Negative
Channels_Front_End,VEHICLES_&_WAREHOUSING,OVERFLOW_AND_SHUTTLE,Negative
COSTCO,VEHICLES_&_WAREHOUSING,OVERFLOW_AND_SHUTTLE,Negative
DOLLAR/DISCOUNT,VEHICLES_&_WAREHOUSING,OVERFLOW_AND_SHUTTLE,Negative
DRUG,VEHICLES_&_WAREHOUSING,OVERFLOW_AND_SHUTTLE,Negative
KUSA_Sales_-_BJS,VEHICLES_&_WAREHOUSING,OVERFLOW_AND_SHUTTLE,Negative
SALES_PLANNING_CHANN,VEHICLES_&_WAREHOUSING,OVERFLOW_AND_SHUTTLE,Negative
SAM'S,VEHICLES_&_WAREHOUSING,OVERFLOW_AND_SHUTTLE,Negative
CHANNELS_EXECUTIVE_A,PEOPLE_COMP,OVERTIME_PREMIUM,Negative
Channels_Front_End,PEOPLE_COMP,OVERTIME_PREMIUM,Negative
COSTCO,PEOPLE_COMP,OVERTIME_PREMIUM,Negative
DOLLAR/DISCOUNT,PEOPLE_COMP,OVERTIME_PREMIUM,Negative
DRUG,PEOPLE_COMP,OVERTIME_PREMIUM,Negative
KUSA_Sales_-_BJS,PEOPLE_COMP,OVERTIME_PREMIUM,Negative
SALES_PLANNING_CHANN,PEOPLE_COMP,OVERTIME_PREMIUM,Negative
SAM'S,PEOPLE_COMP,OVERTIME_PREMIUM,Negative
CHANNELS_EXECUTIVE_A,VEHICLES_&_WAREHOUSING,PALLETS,Negative
Channels_Front_End,VEHICLES_&_WAREHOUSING,PALLETS,Negative
COSTCO,VEHICLES_&_WAREHOUSING,PALLETS,Negative
DOLLAR/DISCOUNT,VEHICLES_&_WAREHOUSING,PALLETS,Negative
DRUG,VEHICLES_&_WAREHOUSING,PALLETS,Negative
KUSA_Sales_-_BJS,VEHICLES_&_WAREHOUSING,PALLETS,Negative
SALES_PLANNING_CHANN,VEHICLES_&_WAREHOUSING,PALLETS,Negative
SAM'S,VEHICLES_&_WAREHOUSING,PALLETS,Negative
CHANNELS_EXECUTIVE_A,FACILITIES,PARCEL,Negative
Channels_Front_End,FACILITIES,PARCEL,Negative
COSTCO,FACILITIES,PARCEL,Negative
KUSA_Sales_-_BJS,FACILITIES,PARCEL,Negative
SALES_PLANNING_CHANN,FACILITIES,PARCEL,Negative
SAM'S,TECHNOLOGY,PARCEL,Negative
Channels_Front_End,PEOPLE_COMP,PENSION_&_RETIREMENT,Negative
CHANNELS_EXECUTIVE_A,PEOPLE_COMP,PREPAID_INSURANCE/REBATES_&_RECOVERIES,Negative
Channels_Front_End,PEOPLE_COMP,PREPAID_INSURANCE/REBATES_&_RECOVERIES,Negative
COSTCO,PEOPLE_COMP,PREPAID_INSURANCE/REBATES_&_RECOVERIES,Negative
DOLLAR/DISCOUNT,PEOPLE_COMP,PREPAID_INSURANCE/REBATES_&_RECOVERIES,Negative
DRUG,PEOPLE_COMP,PREPAID_INSURANCE/REBATES_&_RECOVERIES,Negative
KUSA_Sales_-_BJS,PEOPLE_COMP,PREPAID_INSURANCE/REBATES_&_RECOVERIES,Negative
SALES_PLANNING_CHANN,PEOPLE_COMP,PREPAID_INSURANCE/REBATES_&_RECOVERIES,Negative
SAM'S,PEOPLE_COMP,PREPAID_INSURANCE/REBATES_&_RECOVERIES,Negative
CHANNELS_EXECUTIVE_A,TECHNOLOGY,PRINTERS_&_COPIERS,Negative
Channels_Front_End,TECHNOLOGY,PRINTERS_&_COPIERS,Negative
COSTCO,TECHNOLOGY,PRINTERS_&_COPIERS,Negative
DOLLAR/DISCOUNT,TECHNOLOGY,PRINTERS_&_COPIERS,Negative
DRUG,TECHNOLOGY,PRINTERS_&_COPIERS,Negative
KUSA_Sales_-_BJS,TECHNOLOGY,PRINTERS_&_COPIERS,Negative
SALES_PLANNING_CHANN,TECHNOLOGY,PRINTERS_&_COPIERS,Negative
SAM'S,TECHNOLOGY,PRINTERS_&_COPIERS,Negative
CHANNELS_EXECUTIVE_A,MARKETING_OVERHEAD,PRODUCT_DEVELOPMENT,Negative
Channels_Front_End,MARKETING_OVERHEAD,PRODUCT_DEVELOPMENT,Negative
COSTCO,MARKETING_OVERHEAD,PRODUCT_DEVELOPMENT,Negative
DOLLAR/DISCOUNT,MARKETING_OVERHEAD,PRODUCT_DEVELOPMENT,Negative
DRUG,MARKETING_OVERHEAD,PRODUCT_DEVELOPMENT,Negative
KUSA_Sales_-_BJS,MARKETING_OVERHEAD,PRODUCT_DEVELOPMENT,Negative
SALES_PLANNING_CHANN,MARKETING_OVERHEAD,PRODUCT_DEVELOPMENT,Negative
SAM'S,MARKETING_OVERHEAD,PRODUCT_DEVELOPMENT,Negative
CHANNELS_EXECUTIVE_A,TAXES_&_INSURANCE,PRODUCTION_SERVICES,Negative
Channels_Front_End,VEHICLES_&_WAREHOUSING,PRODUCTION_SERVICES,Negative
COSTCO,TAXES_&_INSURANCE,PRODUCTION_SERVICES,Negative
DOLLAR/DISCOUNT,TAXES_&_INSURANCE,PRODUCTION_SERVICES,Negative
DRUG,TAXES_&_INSURANCE,PRODUCTION_SERVICES,Negative
KUSA_Sales_-_BJS,TAXES_&_INSURANCE,PRODUCTION_SERVICES,Negative
SALES_PLANNING_CHANN,TAXES_&_INSURANCE,PRODUCTION_SERVICES,Negative
SAM'S,TAXES_&_INSURANCE,PRODUCTION_SERVICES,Negative
CHANNELS_EXECUTIVE_A,TAXES_&_INSURANCE,PRODUCTION_SUPPLIES,Negative
Channels_Front_End,VEHICLES_&_WAREHOUSING,PRODUCTION_SUPPLIES,Negative
COSTCO,TAXES_&_INSURANCE,PRODUCTION_SUPPLIES,Negative
DOLLAR/DISCOUNT,TAXES_&_INSURANCE,PRODUCTION_SUPPLIES,Negative
DRUG,TAXES_&_INSURANCE,PRODUCTION_SUPPLIES,Negative
KUSA_Sales_-_BJS,TAXES_&_INSURANCE,PRODUCTION_SUPPLIES,Negative
SALES_PLANNING_CHANN,TAXES_&_INSURANCE,PRODUCTION_SUPPLIES,Negative
SAM'S,TAXES_&_INSURANCE,PRODUCTION_SUPPLIES,Negative
CHANNELS_EXECUTIVE_A,TAXES_&_INSURANCE,PROPERTY_&_REAL_ESTATE_TAXES,Negative
Channels_Front_End,VEHICLES_&_WAREHOUSING,PROPERTY_&_REAL_ESTATE_TAXES,Negative
COSTCO,TAXES_&_INSURANCE,PROPERTY_&_REAL_ESTATE_TAXES,Negative
DOLLAR/DISCOUNT,TAXES_&_INSURANCE,PROPERTY_&_REAL_ESTATE_TAXES,Negative
DRUG,TAXES_&_INSURANCE,PROPERTY_&_REAL_ESTATE_TAXES,Negative
KUSA_Sales_-_BJS,TAXES_&_INSURANCE,PROPERTY_&_REAL_ESTATE_TAXES,Negative
SALES_PLANNING_CHANN,TAXES_&_INSURANCE,PROPERTY_&_REAL_ESTATE_TAXES,Negative
SAM'S,TAXES_&_INSURANCE,PROPERTY_&_REAL_ESTATE_TAXES,Negative
CHANNELS_EXECUTIVE_A,FACILITIES,REAL_ESTATE_LEASES,Positive
Channels_Front_End,FACILITIES,REAL_ESTATE_LEASES,Negative
COSTCO,FACILITIES,REAL_ESTATE_LEASES,Negative
DOLLAR/DISCOUNT,FACILITIES,REAL_ESTATE_LEASES,Negative
DRUG,FACILITIES,REAL_ESTATE_LEASES,Negative
KUSA_Sales_-_BJS,FACILITIES,REAL_ESTATE_LEASES,Negative
SALES_PLANNING_CHANN,FACILITIES,REAL_ESTATE_LEASES,Negative
SAM'S,TECHNOLOGY,REAL_ESTATE_LEASES,Negative
CHANNELS_EXECUTIVE_A,PEOPLE_COMP,RECHARGES,Negative
Channels_Front_End,PEOPLE_COMP,RECHARGES,Negative
COSTCO,PEOPLE_COMP,RECHARGES,Negative
DOLLAR/DISCOUNT,PEOPLE_COMP,RECHARGES,Negative
DRUG,PEOPLE_COMP,RECHARGES,Negative
KUSA_Sales_-_BJS,PEOPLE_COMP,RECHARGES,Negative
SALES_PLANNING_CHANN,PEOPLE_COMP,RECHARGES,Negative
SAM'S,PEOPLE_COMP,RECHARGES,Negative
CHANNELS_EXECUTIVE_A,PEOPLE_HR,RECRUITING,Negative
Channels_Front_End,PEOPLE_HR,RECRUITING,Negative
COSTCO,PEOPLE_HR,RECRUITING,Negative
DOLLAR/DISCOUNT,PEOPLE_HR,RECRUITING,Negative
DRUG,PEOPLE_HR,RECRUITING,Negative
KUSA_Sales_-_BJS,PEOPLE_HR,RECRUITING,Negative
SALES_PLANNING_CHANN,PEOPLE_HR,RECRUITING,Negative
SAM'S,PEOPLE_HR,RECRUITING,Negative
CHANNELS_EXECUTIVE_A,TRAVEL,RENTAL_CARS,Negative
Channels_Front_End,TRAVEL,RENTAL_CARS,Negative
CHANNELS_EXECUTIVE_A,TAXES_&_INSURANCE,SAFETY_SUPPLIES,Negative
Channels_Front_End,VEHICLES_&_WAREHOUSING,SAFETY_SUPPLIES,Negative
COSTCO,TAXES_&_INSURANCE,SAFETY_SUPPLIES,Negative
DOLLAR/DISCOUNT,TAXES_&_INSURANCE,SAFETY_SUPPLIES,Negative
DRUG,TAXES_&_INSURANCE,SAFETY_SUPPLIES,Negative
KUSA_Sales_-_BJS,TAXES_&_INSURANCE,SAFETY_SUPPLIES,Negative
SALES_PLANNING_CHANN,TAXES_&_INSURANCE,SAFETY_SUPPLIES,Negative
SAM'S,TAXES_&_INSURANCE,SAFETY_SUPPLIES,Negative
Channels_Front_End,PEOPLE_COMP,SALARIES_&_WAGES,Negative
CHANNELS_EXECUTIVE_A,TAXES_&_INSURANCE,SALVAGE_INCOME,Negative
Channels_Front_End,VEHICLES_&_WAREHOUSING,SALVAGE_INCOME,Negative
COSTCO,TAXES_&_INSURANCE,SALVAGE_INCOME,Negative
DOLLAR/DISCOUNT,TAXES_&_INSURANCE,SALVAGE_INCOME,Negative
DRUG,TAXES_&_INSURANCE,SALVAGE_INCOME,Negative
KUSA_Sales_-_BJS,TAXES_&_INSURANCE,SALVAGE_INCOME,Negative
SALES_PLANNING_CHANN,TAXES_&_INSURANCE,SALVAGE_INCOME,Negative
SAM'S,TAXES_&_INSURANCE,SALVAGE_INCOME,Negative
CHANNELS_EXECUTIVE_A,TAXES_&_INSURANCE,SANITATION,Negative
Channels_Front_End,VEHICLES_&_WAREHOUSING,SANITATION,Negative
COSTCO,TAXES_&_INSURANCE,SANITATION,Negative
DOLLAR/DISCOUNT,TAXES_&_INSURANCE,SANITATION,Negative
DRUG,TAXES_&_INSURANCE,SANITATION,Negative
KUSA_Sales_-_BJS,TAXES_&_INSURANCE,SANITATION,Negative
SALES_PLANNING_CHANN,TAXES_&_INSURANCE,SANITATION,Negative
SAM'S,TAXES_&_INSURANCE,SANITATION,Negative
CHANNELS_EXECUTIVE_A,FACILITIES,SECURITY,Negative
Channels_Front_End,FACILITIES,SECURITY,Negative
COSTCO,FACILITIES,SECURITY,Negative
DOLLAR/DISCOUNT,FACILITIES,SECURITY,Negative
DRUG,FACILITIES,SECURITY,Negative
KUSA_Sales_-_BJS,FACILITIES,SECURITY,Negative
SALES_PLANNING_CHANN,FACILITIES,SECURITY,Negative
SAM'S,TECHNOLOGY,SECURITY,Negative
CHANNELS_EXECUTIVE_A,PEOPLE_COMP,SEVERANCE,Negative
Channels_Front_End,PEOPLE_COMP,SEVERANCE,Negative
COSTCO,PEOPLE_COMP,SEVERANCE,Negative
DOLLAR/DISCOUNT,PEOPLE_COMP,SEVERANCE,Negative
DRUG,PEOPLE_COMP,SEVERANCE,Negative
KUSA_Sales_-_BJS,PEOPLE_COMP,SEVERANCE,Negative
SALES_PLANNING_CHANN,PEOPLE_COMP,SEVERANCE,Negative
SAM'S,PEOPLE_COMP,SEVERANCE,Negative
Channels_Front_End,PEOPLE_COMP,SOCIAL_SECURITY,Negative
Channels_Front_End,TECHNOLOGY,SOFTWARE,Negative
CHANNELS_EXECUTIVE_A,TAXES_&_INSURANCE,SPARE_PARTS,Negative
Channels_Front_End,VEHICLES_&_WAREHOUSING,SPARE_PARTS,Negative
COSTCO,TAXES_&_INSURANCE,SPARE_PARTS,Negative
DOLLAR/DISCOUNT,TAXES_&_INSURANCE,SPARE_PARTS,Negative
DRUG,TAXES_&_INSURANCE,SPARE_PARTS,Negative
KUSA_Sales_-_BJS,TAXES_&_INSURANCE,SPARE_PARTS,Negative
SALES_PLANNING_CHANN,TAXES_&_INSURANCE,SPARE_PARTS,Negative
SAM'S,TAXES_&_INSURANCE,SPARE_PARTS,Negative
CHANNELS_EXECUTIVE_A,TAXES_&_INSURANCE,SPARE_PARTS_WRITE-OFF,Negative
Channels_Front_End,VEHICLES_&_WAREHOUSING,SPARE_PARTS_WRITE-OFF,Negative
COSTCO,TAXES_&_INSURANCE,SPARE_PARTS_WRITE-OFF,Negative
DOLLAR/DISCOUNT,TAXES_&_INSURANCE,SPARE_PARTS_WRITE-OFF,Negative
DRUG,TAXES_&_INSURANCE,SPARE_PARTS_WRITE-OFF,Negative
KUSA_Sales_-_BJS,TAXES_&_INSURANCE,SPARE_PARTS_WRITE-OFF,Negative
SALES_PLANNING_CHANN,TAXES_&_INSURANCE,SPARE_PARTS_WRITE-OFF,Negative
SAM'S,TAXES_&_INSURANCE,SPARE_PARTS_WRITE-OFF,Negative
CHANNELS_EXECUTIVE_A,TECHNOLOGY,TECHNOLOGY_MAINTENANCE,Negative
Channels_Front_End,TECHNOLOGY,TECHNOLOGY_MAINTENANCE,Negative
COSTCO,TECHNOLOGY,TECHNOLOGY_MAINTENANCE,Negative
DOLLAR/DISCOUNT,TECHNOLOGY,TECHNOLOGY_MAINTENANCE,Negative
DRUG,TECHNOLOGY,TECHNOLOGY_MAINTENANCE,Negative
KUSA_Sales_-_BJS,TECHNOLOGY,TECHNOLOGY_MAINTENANCE,Negative
SALES_PLANNING_CHANN,TECHNOLOGY,TECHNOLOGY_MAINTENANCE,Negative
SAM'S,TECHNOLOGY,TECHNOLOGY_MAINTENANCE,Negative
CHANNELS_EXECUTIVE_A,PEOPLE_COMP,TEMPORARY_LABOR,Negative
Channels_Front_End,PEOPLE_COMP,TEMPORARY_LABOR,Negative
COSTCO,PEOPLE_COMP,TEMPORARY_LABOR,Negative
DOLLAR/DISCOUNT,PEOPLE_COMP,TEMPORARY_LABOR,Negative
DRUG,PEOPLE_COMP,TEMPORARY_LABOR,Negative
KUSA_Sales_-_BJS,PEOPLE_COMP,TEMPORARY_LABOR,Negative
SALES_PLANNING_CHANN,PEOPLE_COMP,TEMPORARY_LABOR,Negative
SAM'S,PEOPLE_COMP,TEMPORARY_LABOR,Negative
CHANNELS_EXECUTIVE_A,MARKETING_OVERHEAD,TRADESHOWS_&_SAMPLES,Negative
Channels_Front_End,MARKETING_OVERHEAD,TRADESHOWS_&_SAMPLES,Negative
SALES_PLANNING_CHANN,MARKETING_OVERHEAD,TRADESHOWS_&_SAMPLES,Negative
Channels_Front_End,PEOPLE_HR,TRAINING,Negative
DOLLAR/DISCOUNT,PEOPLE_HR,TRAINING,Negative
CHANNELS_EXECUTIVE_A,VEHICLES_&_WAREHOUSING,TRANSPORT_FINES,Negative
Channels_Front_End,VEHICLES_&_WAREHOUSING,TRANSPORT_FINES,Negative
COSTCO,VEHICLES_&_WAREHOUSING,TRANSPORT_FINES,Negative
DOLLAR/DISCOUNT,VEHICLES_&_WAREHOUSING,TRANSPORT_FINES,Negative
DRUG,VEHICLES_&_WAREHOUSING,TRANSPORT_FINES,Negative
KUSA_Sales_-_BJS,VEHICLES_&_WAREHOUSING,TRANSPORT_FINES,Negative
SALES_PLANNING_CHANN,VEHICLES_&_WAREHOUSING,TRANSPORT_FINES,Negative
SAM'S,VEHICLES_&_WAREHOUSING,TRANSPORT_FINES,Negative
CHANNELS_EXECUTIVE_A,PEOPLE_HR,TUITION,Negative
Channels_Front_End,PEOPLE_HR,TUITION,Negative
COSTCO,PEOPLE_HR,TUITION,Negative
DOLLAR/DISCOUNT,PEOPLE_HR,TUITION,Negative
DRUG,PEOPLE_HR,TUITION,Negative
KUSA_Sales_-_BJS,PEOPLE_HR,TUITION,Negative
SALES_PLANNING_CHANN,PEOPLE_HR,TUITION,Negative
SAM'S,PEOPLE_HR,TUITION,Negative
CHANNELS_EXECUTIVE_A,VEHICLES_&_WAREHOUSING,VEHICLE_FUEL,Negative
Channels_Front_End,VEHICLES_&_WAREHOUSING,VEHICLE_FUEL,Negative
COSTCO,VEHICLES_&_WAREHOUSING,VEHICLE_FUEL,Negative
DOLLAR/DISCOUNT,VEHICLES_&_WAREHOUSING,VEHICLE_FUEL,Negative
DRUG,VEHICLES_&_WAREHOUSING,VEHICLE_FUEL,Negative
KUSA_Sales_-_BJS,VEHICLES_&_WAREHOUSING,VEHICLE_FUEL,Negative
SALES_PLANNING_CHANN,VEHICLES_&_WAREHOUSING,VEHICLE_FUEL,Negative
SAM'S,VEHICLES_&_WAREHOUSING,VEHICLE_FUEL,Negative
CHANNELS_EXECUTIVE_A,VEHICLES_&_WAREHOUSING,VEHICLE_MAINTENANCE,Negative
Channels_Front_End,VEHICLES_&_WAREHOUSING,VEHICLE_MAINTENANCE,Negative
COSTCO,VEHICLES_&_WAREHOUSING,VEHICLE_MAINTENANCE,Negative
DOLLAR/DISCOUNT,VEHICLES_&_WAREHOUSING,VEHICLE_MAINTENANCE,Negative
DRUG,VEHICLES_&_WAREHOUSING,VEHICLE_MAINTENANCE,Negative
KUSA_Sales_-_BJS,VEHICLES_&_WAREHOUSING,VEHICLE_MAINTENANCE,Negative
SALES_PLANNING_CHANN,VEHICLES_&_WAREHOUSING,VEHICLE_MAINTENANCE,Negative
SAM'S,VEHICLES_&_WAREHOUSING,VEHICLE_MAINTENANCE,Negative
CHANNELS_EXECUTIVE_A,VEHICLES_&_WAREHOUSING,VEHICLE_RENTAL,Negative
Channels_Front_End,VEHICLES_&_WAREHOUSING,VEHICLE_RENTAL,Negative
COSTCO,VEHICLES_&_WAREHOUSING,VEHICLE_RENTAL,Negative
DOLLAR/DISCOUNT,VEHICLES_&_WAREHOUSING,VEHICLE_RENTAL,Negative
DRUG,VEHICLES_&_WAREHOUSING,VEHICLE_RENTAL,Negative
KUSA_Sales_-_BJS,VEHICLES_&_WAREHOUSING,VEHICLE_RENTAL,Negative
SALES_PLANNING_CHANN,VEHICLES_&_WAREHOUSING,VEHICLE_RENTAL,Negative
SAM'S,VEHICLES_&_WAREHOUSING,VEHICLE_RENTAL,Negative
CHANNELS_EXECUTIVE_A,VEHICLES_&_WAREHOUSING,WAREHOUSE_FINES,Negative
Channels_Front_End,VEHICLES_&_WAREHOUSING,WAREHOUSE_FINES,Negative
COSTCO,VEHICLES_&_WAREHOUSING,WAREHOUSE_FINES,Negative
DOLLAR/DISCOUNT,VEHICLES_&_WAREHOUSING,WAREHOUSE_FINES,Negative
DRUG,VEHICLES_&_WAREHOUSING,WAREHOUSE_FINES,Negative
KUSA_Sales_-_BJS,VEHICLES_&_WAREHOUSING,WAREHOUSE_FINES,Negative
SALES_PLANNING_CHANN,VEHICLES_&_WAREHOUSING,WAREHOUSE_FINES,Negative
SAM'S,VEHICLES_&_WAREHOUSING,WAREHOUSE_FINES,Negative
CHANNELS_EXECUTIVE_A,VEHICLES_&_WAREHOUSING,WAREHOUSE_OPERATIONS_&_SUPPLIES,Negative
Channels_Front_End,VEHICLES_&_WAREHOUSING,WAREHOUSE_OPERATIONS_&_SUPPLIES,Negative
COSTCO,VEHICLES_&_WAREHOUSING,WAREHOUSE_OPERATIONS_&_SUPPLIES,Negative
DOLLAR/DISCOUNT,VEHICLES_&_WAREHOUSING,WAREHOUSE_OPERATIONS_&_SUPPLIES,Negative
DRUG,VEHICLES_&_WAREHOUSING,WAREHOUSE_OPERATIONS_&_SUPPLIES,Negative
SALES_PLANNING_CHANN,VEHICLES_&_WAREHOUSING,WAREHOUSE_OPERATIONS_&_SUPPLIES,Negative
SAM'S,VEHICLES_&_WAREHOUSING,WAREHOUSE_OPERATIONS_&_SUPPLIES,Negative
CHANNELS_EXECUTIVE_A,TAXES_&_INSURANCE,WATER,Negative
Channels_Front_End,VEHICLES_&_WAREHOUSING,WATER,Negative
COSTCO,TAXES_&_INSURANCE,WATER,Negative
DOLLAR/DISCOUNT,TAXES_&_INSURANCE,WATER,Negative
DRUG,TAXES_&_INSURANCE,WATER,Negative
KUSA_Sales_-_BJS,TAXES_&_INSURANCE,WATER,Negative
SALES_PLANNING_CHANN,TAXES_&_INSURANCE,WATER,Negative
SAM'S,TAXES_&_INSURANCE,WATER,Negative
DOLLAR/DISCOUNT,TRAVEL,OTHER_TRAVEL_COSTS,Negative
